playerName,playerElo,gamesPlayed,team,TeamAPoints,TeamBPoints,new Elo,RP
Katas,2000,1,B,150,149,1891,0.3869
Kirky,1300,1,A,0.360025,0.639975,2091,0.5
THE LONG SHLONG,1800,1,A,,,1682,0.1663
marcos268,1500,1,A,,,1891,0.3869
Dolik,1800,1,B,,,1909,0.639975
Condottiere,1800,1,B,,,1909,0.639975
AndrejAce,1500,1,B,,,1909,0.639975
TheGrinch,2000,1,A,,,1909,0.639975